{"info":{"year":"2024","version":"2","description":"Exported from roboflow.com","contributor":"","url":"https://public.roboflow.com/object-detection/undefined","date_created":"2024-12-16T04:32:23+00:00"},"licenses":[{"id":1,"url":"https://creativecommons.org/licenses/by/4.0/","name":"CC BY 4.0"}],"categories":[{"id":0,"name":"Velg","supercategory":"none"},{"id":1,"name":"ht12","supercategory":"Velg"},{"id":2,"name":"person","supercategory":"Velg"},{"id":3,"name":"z2m","supercategory":"Velg"}],"images":[{"id":0,"license":1,"file_name":"WhatsApp-Image-2024-11-26-at-07-53-52-3_jpg.rf.c601700a0d74295086b00490430053ba.jpg","height":640,"width":640,"date_captured":"2024-12-16T04:32:23+00:00"},{"id":1,"license":1,"file_name":"unknown5-Copy_jpg.rf.a05c0d223376e95d7135b237e639d973.jpg","height":640,"width":640,"date_captured":"2024-12-16T04:32:23+00:00"},{"id":2,"license":1,"file_name":"WhatsApp-Image-2024-11-26-at-07-53-36-10_jpg.rf.5601893a416aac8715efbce7cf4bb9fa.jpg","height":640,"width":640,"date_captured":"2024-12-16T04:32:23+00:00"},{"id":3,"license":1,"file_name":"WhatsApp-Image-2024-11-26-at-07-53-52-3_jpg.rf.81be87e3264ea61fedee17f2702c3fbc.jpg","height":640,"width":640,"date_captured":"2024-12-16T04:32:23+00:00"},{"id":4,"license":1,"file_name":"WhatsApp-Image-2024-11-26-at-07-53-36-7_jpg.rf.2c50717b73640323d230672cf90e671b.jpg","height":640,"width":640,"date_captured":"2024-12-16T04:32:23+00:00"},{"id":5,"license":1,"file_name":"WhatsApp-Image-2024-11-26-at-07-53-36-8_jpg.rf.db0646519b11668f84b43f5fcfb6cbac.jpg","height":640,"width":640,"date_captured":"2024-12-16T04:32:23+00:00"},{"id":6,"license":1,"file_name":"WhatsApp-Image-2024-11-26-at-07-53-52-5_jpg.rf.e6c77877523f82931c8f664a6a4afcb2.jpg","height":640,"width":640,"date_captured":"2024-12-16T04:32:23+00:00"},{"id":7,"license":1,"file_name":"unknown6-Copy_jpg.rf.9460ffa3ca18eb45721495f07eff502f.jpg","height":640,"width":640,"date_captured":"2024-12-16T04:32:23+00:00"},{"id":8,"license":1,"file_name":"unknown2-Copy_jpg.rf.88c79504abe864ad3cb86904a27abbfa.jpg","height":640,"width":640,"date_captured":"2024-12-16T04:32:23+00:00"},{"id":9,"license":1,"file_name":"WhatsApp-Image-2024-11-26-at-07-53-36-9_jpg.rf.bf6ac5928f8e6268b61893dfe3abf717.jpg","height":640,"width":640,"date_captured":"2024-12-16T04:32:23+00:00"},{"id":10,"license":1,"file_name":"WhatsApp-Image-2024-11-26-at-07-53-52-4_jpg.rf.e34bd8257ac3a573205c2b9976a2f280.jpg","height":640,"width":640,"date_captured":"2024-12-16T04:32:23+00:00"},{"id":11,"license":1,"file_name":"unknown1-Copy_jpg.rf.02af23a9dbbdbc47b2a92d85a824a70c.jpg","height":640,"width":640,"date_captured":"2024-12-16T04:32:23+00:00"}],"annotations":[{"id":0,"image_id":0,"category_id":1,"bbox":[140,133,368,352],"area":129536,"segmentation":[],"iscrowd":0},{"id":1,"image_id":1,"category_id":2,"bbox":[153,44,239.5,359.5],"area":86100.25,"segmentation":[],"iscrowd":0},{"id":2,"image_id":2,"category_id":3,"bbox":[137,134,368.5,358.5],"area":132107.25,"segmentation":[],"iscrowd":0},{"id":3,"image_id":3,"category_id":1,"bbox":[140,133,368,352],"area":129536,"segmentation":[],"iscrowd":0},{"id":4,"image_id":4,"category_id":3,"bbox":[139,142,356.5,382],"area":136183,"segmentation":[],"iscrowd":0},{"id":5,"image_id":5,"category_id":3,"bbox":[166,178,309,315.5],"area":97489.5,"segmentation":[],"iscrowd":0},{"id":6,"image_id":6,"category_id":1,"bbox":[113,130,406,374],"area":151844,"segmentation":[],"iscrowd":0},{"id":7,"image_id":7,"category_id":2,"bbox":[6,8,199.5,353],"area":70423.5,"segmentation":[],"iscrowd":0},{"id":8,"image_id":8,"category_id":2,"bbox":[88,19,222,382],"area":84804,"segmentation":[],"iscrowd":0},{"id":9,"image_id":9,"category_id":3,"bbox":[168,180,290,295],"area":85550,"segmentation":[],"iscrowd":0},{"id":10,"image_id":10,"category_id":1,"bbox":[108,88,415.5,433],"area":179911.5,"segmentation":[],"iscrowd":0},{"id":11,"image_id":11,"category_id":2,"bbox":[28,29,210,465],"area":97650,"segmentation":[],"iscrowd":0}]}